Maravilla1,Maravilla2
Brilliance1,Brilliance2
Kwanza1,Kwanza2,Kwanza3
Kweli1,Kweli2
GlenDee1,GlenDee2,GlenDee3
Marwé1,Marwé2
MallingPromise1,MallingPromise2
GlenAmple1,GlenAmple2
Meeker1,Meeker2,Meeker3
GlenFyne1,GlenFyne2
Rafzaqu1,Rafzaqu2
Versailles1,Versailles2,Versailles3
Cowichan1,Cowichan2
CascadeDelight1,CascadeDelight2,CascadeDelight3
